customer_id,customer_code,customer_name,customer_type,city,state,country,created_date,modified_date
1,CUST00001,Smith LLC,Retail,Spearsborough,Massachusetts,Trinidad and Tobago,2023-06-14 5:10:13,2024-05-07 5:10:13
2,CUST00002,Obrien-Rich,Distributor,Charlesburgh,New Hampshire,India,2023-10-25 16:21:40,2023-11-07 16:21:40
3,CUST00003,Howell-Lane,Retail,Thomasport,North Carolina,Tonga,2023-11-04 14:27:15,2024-03-24 14:27:15
4,CUST00004,"George, Lewis and Yang",Retail,East Robert,Kansas,Andorra,2024-04-26 21:22:10,2024-08-19 21:22:10
5,CUST00005,"Mullen, Harding and Alexander",Retail,Lake Seanshire,New Hampshire,New Caledonia,2023-09-27 12:35:58,2024-10-09 12:35:58
6,CUST00006,Parsons-Long,Distributor,New Laura,Oregon,Heard Island and McDonald Islands,2023-12-28 14:05:22,2024-12-09 14:05:22
7,CUST00007,"Morales, Johnston and Riddle",Distributor,West Leslie,Texas,Liberia,2025-04-01 13:54:38,2026-07-02 13:54:38
8,CUST00008,Wilson Inc,Distributor,East Veronicamouth,Indiana,Saint Vincent and the Grenadines,2025-03-26 6:45:44,2025-05-10 6:45:44
9,CUST00009,"Stephens, Wiley and Mcgrath",Retail,Port Barry,Colorado,Aruba,2024-01-08 1:47:03,2024-08-12 1:47:03
10,CUST00010,Jones Group,Retail,Coryton,New Hampshire,Jamaica,2023-10-18 19:10:28,2023-11-03 19:10:28
11,CUST00011,"Marshall, Mullins and Kaiser",Retail,Hayesfort,North Carolina,Jersey,2023-08-31 9:35:48,2023-12-21 9:35:48
12,CUST00012,Rodgers Group,Distributor,Port Joshuahaven,Tennessee,Hungary,2023-09-17 2:22:26,2024-06-02 2:22:26
13,CUST00013,"Elliott, Hunt and Murphy",Distributor,East Jenna,Missouri,Singapore,2024-03-19 5:38:05,2024-04-02 5:38:05
14,CUST00014,Alvarez-Obrien,Distributor,Lake Josephstad,Texas,Greece,2023-07-23 17:35:16,2023-11-02 17:35:16
15,CUST00015,Montoya-Oconnor,Distributor,Monicafort,Montana,Guyana,2024-11-21 4:49:26,2025-10-20 4:49:26
16,CUST00016,Barnett Group,Wholesale,Port Ashleybury,Hawaii,Netherlands,2024-12-08 6:25:51,2025-09-14 6:25:51
17,CUST00017,Daniels-Cannon,Wholesale,Walkerberg,Arizona,Fiji,2024-02-21 23:46:46,2024-06-13 23:46:46
18,CUST00018,Stevenson LLC,Wholesale,Ramosview,Idaho,Bolivia,2024-11-14 9:44:33,2025-09-12 9:44:33
19,CUST00019,Wright-Garcia,Retail,Wongberg,Louisiana,Guyana,2023-12-17 18:13:36,2025-02-04 18:13:36
20,CUST00020,"Lester, Olson and Morrow",Retail,Lake Dylanfort,Minnesota,British Indian Ocean Territory (Chagos Archipelago),2025-05-08 16:51:03,2026-06-01 16:51:03
21,CUST00021,Young-Collins,Wholesale,Clarkborough,West Virginia,Barbados,2025-02-07 8:46:59,2026-01-31 8:46:59
22,CUST00022,Jones-Gardner,Wholesale,Mooreborough,Kentucky,Spain,2024-07-03 23:55:53,2024-12-25 23:55:53
23,CUST00023,"Hill, Montes and Diaz",Retail,Port Deborah,Delaware,Korea,2024-11-10 16:07:58,2025-01-29 16:07:58
24,CUST00024,Smith-Turner,Wholesale,Samuelview,Utah,Bulgaria,2024-03-29 11:49:09,2025-08-02 11:49:09
25,CUST00025,Hunt Inc,Retail,Dianatown,South Dakota,Sierra Leone,2024-05-22 5:55:42,2024-07-14 5:55:42
26,CUST00026,Taylor Group,Retail,Bakerland,Utah,Macedonia,2024-10-16 6:18:31,2025-04-29 6:18:31
27,CUST00027,Martin Group,Wholesale,Paulville,New York,Malaysia,2023-09-30 16:33:57,2024-04-01 16:33:57
28,CUST00028,Nguyen-Lee,Wholesale,North Frankmouth,New York,Norfolk Island,2024-11-12 17:24:26,2025-09-18 17:24:26
29,CUST00029,"Haney, Mitchell and Boyle",Retail,New Leslie,North Carolina,Niger,2025-02-05 2:06:36,2026-03-26 2:06:36
30,CUST00030,Barr-Smith,Wholesale,Garzafort,Utah,Turks and Caicos Islands,2024-07-20 3:20:15,2025-07-29 3:20:15
31,CUST00031,Patton-Green,Retail,Jasonside,Wyoming,Cote d'Ivoire,2024-08-21 19:59:36,2025-05-23 19:59:36
32,CUST00032,Garcia-Castaneda,Wholesale,North Michaeltown,Georgia,Korea,2023-12-09 1:05:00,2025-04-21 1:05:00
33,CUST00033,"Solis, Jordan and Trujillo",Distributor,Port Corey,Oklahoma,Gibraltar,2025-02-12 14:11:45,2025-03-25 14:11:45
34,CUST00034,Kaufman LLC,Distributor,Bowmanville,Utah,El Salvador,2024-07-29 6:14:49,2024-12-27 6:14:49
35,CUST00035,Fisher and Sons,Wholesale,Lake Kristen,Oklahoma,Singapore,2024-12-21 11:57:21,2025-11-03 11:57:21
36,CUST00036,"Smith, Olson and Chambers",Retail,Underwoodview,Louisiana,French Southern Territories,2024-12-20 7:50:58,2025-10-12 7:50:58
37,CUST00037,Thompson PLC,Retail,North Ronnieborough,New York,Albania,2023-08-01 10:30:32,2024-07-27 10:30:32
38,CUST00038,Barron PLC,Distributor,North Marcus,Arkansas,French Southern Territories,2024-09-09 0:30:54,2024-10-03 0:30:54
39,CUST00039,Griffin Inc,Wholesale,Danielmouth,Pennsylvania,Iceland,2024-03-22 5:27:38,2024-07-17 5:27:38
40,CUST00040,Sanchez and Sons,Retail,Crystalberg,Oklahoma,Antigua and Barbuda,2024-07-06 4:47:08,2024-08-16 4:47:08
41,CUST00041,Orozco-Robertson,Retail,Coffeychester,Alaska,Kyrgyz Republic,2023-11-26 5:07:30,2025-02-12 5:07:30
42,CUST00042,"Gordon, Lopez and Neal",Wholesale,East Matthew,Rhode Island,Sierra Leone,2024-09-15 14:15:57,2025-03-29 14:15:57
43,CUST00043,"Graham, Cortez and Duran",Distributor,West Jason,Kentucky,Togo,2024-08-06 7:29:39,2025-03-27 7:29:39
44,CUST00044,Nielsen-Carlson,Wholesale,Andersonfurt,California,Brazil,2025-03-24 11:01:28,2026-05-26 11:01:28
45,CUST00045,"Jordan, Patterson and Woods",Wholesale,Lopezside,South Dakota,Christmas Island,2023-10-25 8:22:04,2024-01-17 8:22:04
46,CUST00046,"Rose, Wilson and Crawford",Retail,Cindyview,Wyoming,Brazil,2023-11-15 11:04:41,2024-05-15 11:04:41
47,CUST00047,"Russell, Bennett and Hayes",Wholesale,Jeremyborough,Oklahoma,Isle of Man,2023-10-03 20:44:40,2024-09-11 20:44:40
48,CUST00048,Patel-Cunningham,Distributor,Monroeville,Colorado,Cook Islands,2024-03-04 13:53:58,2025-02-27 13:53:58
49,CUST00049,Lane Ltd,Retail,Meganborough,South Dakota,Saint Pierre and Miquelon,2024-05-02 0:29:48,2025-03-30 0:29:48
50,CUST00050,Scott LLC,Distributor,Hendersonton,Virginia,Cote d'Ivoire,2023-08-28 22:04:12,2024-07-05 22:04:12
51,CUST00051,Jimenez-Boyd,Distributor,East Robertbury,Iowa,Canada,2025-03-26 10:48:52,2025-06-22 10:48:52
52,CUST00052,"Mclean, Crawford and Simon",Retail,South David,Idaho,Somalia,2024-06-01 16:55:02,2025-06-10 16:55:02
53,CUST00053,"Lutz, Dyer and Peterson",Wholesale,Karenmouth,Pennsylvania,Hong Kong,2024-02-19 21:34:15,2024-05-13 21:34:15
54,CUST00054,Webster Ltd,Wholesale,Port Mistyburgh,Illinois,Jersey,2023-05-12 15:21:53,2023-11-23 15:21:53
55,CUST00055,"Zhang, Weber and Kennedy",Distributor,Port Johnfurt,Pennsylvania,Malta,2025-04-19 17:38:08,2026-08-06 17:38:08
56,CUST00056,Woodward-Flores,Distributor,West James,North Carolina,Greenland,2024-05-24 21:22:16,2025-05-12 21:22:16
57,CUST00057,"Morales, Wolfe and Howard",Distributor,South Dawnport,Vermont,Ghana,2025-04-18 7:31:05,2025-08-09 7:31:05
58,CUST00058,Murray-Brooks,Retail,East Elizabeth,New Jersey,Bermuda,2025-04-13 4:59:43,2025-09-27 4:59:43
59,CUST00059,Jimenez Ltd,Retail,New Faithville,Arkansas,Cuba,2025-03-17 15:13:39,2025-07-13 15:13:39
60,CUST00060,Ford Group,Wholesale,West Frances,Alaska,Monaco,2024-04-07 16:01:30,2025-05-25 16:01:30
61,CUST00061,Suarez-Luna,Wholesale,New Valerie,Maine,Peru,2024-09-02 2:04:06,2025-03-27 2:04:06
62,CUST00062,"Hill, Smith and Ferguson",Retail,New Josephshire,Massachusetts,San Marino,2024-12-08 18:39:21,2025-01-11 18:39:21
63,CUST00063,Wells Ltd,Distributor,Lopezfurt,Kentucky,Honduras,2024-02-15 13:17:47,2025-05-28 13:17:47
64,CUST00064,Taylor-Patterson,Distributor,Lake Marie,Montana,Vanuatu,2024-01-11 9:07:04,2025-04-04 9:07:04
65,CUST00065,"Cox, Gutierrez and Herman",Retail,Edwardsland,Indiana,Malaysia,2024-05-20 3:22:19,2024-10-29 3:22:19
66,CUST00066,Clark-Hayes,Wholesale,Swansonside,Arkansas,Saint Pierre and Miquelon,2023-12-19 23:57:18,2024-11-19 23:57:18
67,CUST00067,"Hall, Sparks and Lee",Distributor,Debrashire,Florida,Spain,2024-10-16 22:21:47,2025-05-07 22:21:47
68,CUST00068,Reynolds-Alvarez,Retail,New Garyshire,South Dakota,Ghana,2023-11-20 4:06:55,2024-07-12 4:06:55
69,CUST00069,"Cook, Lambert and Walker",Retail,Port Sarah,Pennsylvania,El Salvador,2024-10-09 14:44:16,2025-02-22 14:44:16
70,CUST00070,Garcia Ltd,Distributor,Tuckerfurt,Arizona,Egypt,2024-06-24 4:09:23,2024-10-29 4:09:23
71,CUST00071,Gray-Mitchell,Distributor,South Carolynchester,Connecticut,Somalia,2024-11-23 9:03:39,2025-09-07 9:03:39
72,CUST00072,"Lewis, Morris and Watkins",Distributor,Wilsonfurt,North Carolina,Bosnia and Herzegovina,2024-02-09 20:08:31,2024-06-23 20:08:31
73,CUST00073,"Davis, Jensen and Zuniga",Wholesale,West Joannahaven,Illinois,Aruba,2024-06-20 21:39:17,2025-04-16 21:39:17
74,CUST00074,"Riley, Gonzales and Griffin",Distributor,West Billyfort,New Hampshire,Mauritius,2025-03-15 17:17:12,2026-06-18 17:17:12
75,CUST00075,Moody Ltd,Wholesale,Myersview,Ohio,Canada,2024-08-02 19:52:09,2025-02-23 19:52:09
76,CUST00076,Bush Ltd,Retail,Autumnberg,Wisconsin,Suriname,2024-11-05 21:17:42,2025-02-26 21:17:42
77,CUST00077,English Ltd,Wholesale,Lake Jacob,Nevada,Chile,2023-09-28 11:48:20,2024-06-15 11:48:20
78,CUST00078,Wu Group,Retail,Emilymouth,Tennessee,Honduras,2024-04-30 4:21:41,2024-06-16 4:21:41
79,CUST00079,"Bryant, Perez and Wong",Retail,Robertberg,Massachusetts,Marshall Islands,2024-03-11 12:15:03,2025-05-26 12:15:03
80,CUST00080,"Hudson, Little and Archer",Distributor,Brandonport,Montana,Tajikistan,2023-06-22 21:35:03,2023-09-09 21:35:03
81,CUST00081,Patterson-Williams,Distributor,Port Edwin,Illinois,Slovakia (Slovak Republic),2025-04-25 16:17:31,2025-07-16 16:17:31
82,CUST00082,Young-Williams,Distributor,Youngland,Minnesota,Guadeloupe,2024-04-15 20:02:01,2024-11-18 20:02:01
83,CUST00083,Mills Group,Wholesale,Lake Tiffany,Oklahoma,Germany,2024-09-21 16:52:29,2024-10-24 16:52:29
84,CUST00084,"Copeland, Fischer and Martin",Distributor,North Alan,Vermont,Kenya,2025-03-16 1:20:44,2025-09-28 1:20:44
85,CUST00085,Stewart Inc,Distributor,Warrenport,Ohio,Jordan,2023-05-17 4:50:02,2024-01-12 4:50:02
86,CUST00086,Little PLC,Distributor,South Randyborough,Michigan,Saint Pierre and Miquelon,2024-06-07 3:56:09,2024-10-14 3:56:09
87,CUST00087,Perez-Mcconnell,Retail,Christinebury,Vermont,Turkmenistan,2024-10-02 11:48:59,2025-12-17 11:48:59
88,CUST00088,Mccoy Ltd,Distributor,New Todd,Alaska,Finland,2024-05-20 5:09:14,2025-05-04 5:09:14
89,CUST00089,Martin LLC,Distributor,Josephberg,Alaska,Saint Barthelemy,2024-06-24 1:29:19,2024-08-22 1:29:19
90,CUST00090,Roth Inc,Distributor,East Brooke,Washington,Poland,2024-10-13 12:59:03,2026-01-10 12:59:03
91,CUST00091,"Mitchell, Robinson and Flores",Wholesale,Delgadofort,Massachusetts,Antigua and Barbuda,2025-05-06 17:32:46,2026-05-26 17:32:46
92,CUST00092,"Malone, Williams and Burton",Distributor,East Manuel,Iowa,Pakistan,2023-05-20 23:27:26,2024-06-17 23:27:26
93,CUST00093,Ford Ltd,Retail,Davidland,Montana,Guernsey,2025-04-03 14:31:05,2025-09-25 14:31:05
94,CUST00094,Brown-Cook,Wholesale,East Williammouth,Montana,South Georgia and the South Sandwich Islands,2024-10-03 21:23:02,2025-03-03 21:23:02
95,CUST00095,Jones-Carter,Wholesale,Port Bianca,Washington,Papua New Guinea,2024-09-30 18:46:52,2024-12-20 18:46:52
96,CUST00096,Adams PLC,Distributor,Escobarborough,Wyoming,Madagascar,2023-11-14 5:18:44,2023-11-16 5:18:44
97,CUST00097,Love-Campbell,Distributor,Alvarezville,Michigan,Mauritania,2023-11-24 1:35:32,2025-02-15 1:35:32
98,CUST00098,Garcia PLC,Distributor,West Malik,Utah,Uruguay,2024-06-23 15:00:27,2024-11-05 15:00:27
99,CUST00099,"Garcia, Williams and Schmidt",Retail,Deniseville,Maine,Gambia,2024-07-10 7:58:17,2025-08-05 7:58:17
100,CUST00100,"Hines, Mcclain and Robles",Retail,South Robertchester,Rhode Island,Saint Helena,2023-05-21 1:52:01,2024-02-05 1:52:01
101,CUST00101,Larsen-Knox,Distributor,Kimberlychester,Nebraska,Nigeria,2024-12-05 10:41:51,2026-02-24 10:41:51
102,CUST00102,Sanchez-Keller,Distributor,Port Joshuamouth,Texas,Mauritius,2024-07-02 23:40:03,2024-12-02 23:40:03
103,CUST00103,Martin Group,Distributor,Cynthiafurt,Hawaii,Anguilla,2024-03-05 19:15:19,2024-11-20 19:15:19
104,CUST00104,Moore-Henry,Retail,Turnerberg,Oregon,Morocco,2024-06-07 11:53:34,2024-09-17 11:53:34
105,CUST00105,"Vasquez, Young and Perez",Retail,Rebeccachester,Idaho,Indonesia,2024-06-12 3:15:27,2024-12-21 3:15:27
106,CUST00106,Howell-Allen,Distributor,Rodriguezmouth,Iowa,Kuwait,2023-11-30 0:21:46,2024-09-02 0:21:46
107,CUST00107,"Morales, Moore and Kelly",Retail,Michaelhaven,Connecticut,British Virgin Islands,2024-12-30 12:08:21,2026-04-15 12:08:21
108,CUST00108,Davidson-Smith,Wholesale,Jacksonmouth,Vermont,Angola,2024-02-03 16:39:13,2024-12-06 16:39:13
109,CUST00109,House and Sons,Retail,West Jamesland,California,Saint Lucia,2024-11-10 4:03:53,2025-07-19 4:03:53
110,CUST00110,Mata-Brown,Wholesale,Acevedofort,South Dakota,Bahamas,2024-09-15 0:01:32,2024-11-12 0:01:32
111,CUST00111,"Porter, Davis and Evans",Wholesale,Bookerville,Delaware,Martinique,2024-05-07 1:10:56,2025-07-31 1:10:56
112,CUST00112,Larsen-Wilson,Retail,West Darrenton,Florida,Bulgaria,2023-11-04 10:07:29,2024-03-06 10:07:29
113,CUST00113,Garcia-Johnson,Distributor,Aguilarton,Connecticut,Tanzania,2024-01-24 0:15:04,2024-05-27 0:15:04
114,CUST00114,Gonzalez-Taylor,Retail,Williamville,Pennsylvania,Saint Martin,2024-08-31 5:35:44,2025-12-29 5:35:44
115,CUST00115,Horton Group,Distributor,New Zacharyborough,Massachusetts,Zimbabwe,2023-05-26 10:45:00,2023-07-09 10:45:00
116,CUST00116,"White, Marquez and Freeman",Retail,South Christineberg,Oregon,Belize,2024-06-09 4:36:42,2025-02-13 4:36:42
117,CUST00117,Harding-Jackson,Distributor,Port George,Nevada,Marshall Islands,2023-06-06 0:44:40,2024-06-30 0:44:40
118,CUST00118,Gordon-Martin,Retail,Timothychester,Hawaii,Austria,2025-01-15 10:05:17,2026-02-12 10:05:17
119,CUST00119,"Mcdonald, Moss and Clements",Distributor,South Robin,Louisiana,Turkmenistan,2025-03-31 12:39:08,2025-06-05 12:39:08
120,CUST00120,Murphy PLC,Distributor,East Megan,Nebraska,Saint Kitts and Nevis,2025-03-09 0:12:49,2025-11-08 0:12:49
121,CUST00121,Andrade Inc,Wholesale,Olsenborough,Kansas,Poland,2023-10-14 18:13:20,2024-01-07 18:13:20
122,CUST00122,"Gardner, Brown and Russell",Distributor,West Stephanie,Kansas,Greenland,2024-06-15 10:53:21,2025-03-13 10:53:21
123,CUST00123,"Pierce, Juarez and French",Retail,East Davidshire,Delaware,Bermuda,2023-10-21 2:42:03,2024-05-25 2:42:03
124,CUST00124,Knight Ltd,Distributor,Jessicaton,Minnesota,Bolivia,2024-10-25 19:58:19,2026-02-13 19:58:19
125,CUST00125,"Jones, Hall and Gardner",Distributor,Paigebury,Rhode Island,Tokelau,2025-01-03 10:50:20,2026-01-25 10:50:20
126,CUST00126,"Austin, Li and Rubio",Retail,Dannyside,Wyoming,Nigeria,2024-03-15 23:14:00,2025-03-04 23:14:00
127,CUST00127,Russell-Wade,Wholesale,Joseland,Texas,Christmas Island,2023-09-19 23:10:46,2024-09-19 23:10:46
128,CUST00128,Martinez-Avery,Distributor,Lake Sheila,Massachusetts,Belgium,2023-09-22 22:20:40,2024-04-14 22:20:40
129,CUST00129,Jones-Wilkins,Wholesale,Port Heatherfort,Arizona,Iceland,2024-02-04 1:25:17,2025-01-02 1:25:17
130,CUST00130,Shepard Inc,Distributor,Myersville,Texas,Qatar,2024-02-05 11:59:43,2024-09-17 11:59:43
131,CUST00131,"Church, Smith and Anderson",Retail,South Jessica,Kansas,Armenia,2023-06-18 13:11:54,2024-02-05 13:11:54
132,CUST00132,Padilla Inc,Retail,Andersonborough,Montana,Germany,2024-01-28 16:43:49,2024-06-03 16:43:49
133,CUST00133,Carroll LLC,Wholesale,Jamesbury,Connecticut,Fiji,2023-08-22 6:56:40,2023-09-24 6:56:40
134,CUST00134,Prince-Meyer,Distributor,South Chris,South Dakota,Switzerland,2024-01-09 4:24:25,2024-01-20 4:24:25
135,CUST00135,Strickland Ltd,Retail,New Michaelview,Hawaii,Norway,2025-01-22 9:02:07,2025-11-02 9:02:07
136,CUST00136,Long LLC,Retail,South Juliehaven,New Mexico,Norway,2024-07-16 17:01:07,2025-05-14 17:01:07
137,CUST00137,Nelson-Lewis,Retail,Williamtown,Kentucky,Swaziland,2023-11-12 1:22:05,2023-11-16 1:22:05
138,CUST00138,Anthony-Robinson,Distributor,Davismouth,West Virginia,Sao Tome and Principe,2025-03-20 22:09:29,2026-03-18 22:09:29
139,CUST00139,Delacruz-Stewart,Retail,Reesestad,Nebraska,Guinea,2024-05-08 2:46:40,2024-06-08 2:46:40
140,CUST00140,Johnson Ltd,Retail,New Michaelfort,Kansas,Vietnam,2024-01-07 19:03:03,2024-02-11 19:03:03
141,CUST00141,Torres LLC,Wholesale,South Baileymouth,New York,French Southern Territories,2024-12-24 3:04:49,2026-03-10 3:04:49
142,CUST00142,Caldwell PLC,Distributor,Howardhaven,Maine,Palau,2024-10-11 14:25:36,2024-11-17 14:25:36
143,CUST00143,"Bradley, Herman and Ramirez",Wholesale,Torresberg,Maryland,Azerbaijan,2024-09-22 11:49:47,2025-01-22 11:49:47
144,CUST00144,Cox Inc,Wholesale,Fredmouth,Vermont,Nauru,2025-04-05 10:06:56,2026-03-14 10:06:56
145,CUST00145,Evans-Simpson,Distributor,Angelamouth,Texas,Isle of Man,2024-08-29 4:55:23,2024-12-17 4:55:23
146,CUST00146,Humphrey and Sons,Distributor,Austinberg,South Carolina,Tokelau,2023-11-09 14:33:03,2024-01-16 14:33:03
147,CUST00147,Santos-Stevens,Distributor,Tranberg,Oregon,Eritrea,2023-12-08 15:52:00,2025-03-31 15:52:00
148,CUST00148,"Patterson, Williams and Estes",Wholesale,Lake Jennifer,Oregon,Sweden,2023-06-07 17:08:42,2024-03-29 17:08:42
149,CUST00149,Huerta-Snyder,Wholesale,Lesliefurt,California,Syrian Arab Republic,2023-10-14 19:32:55,2024-02-16 19:32:55
150,CUST00150,Contreras-White,Wholesale,New Danielle,Iowa,Guam,2024-10-14 8:29:58,2025-12-02 8:29:58
151,CUST00151,Edwards Ltd,Retail,Lake Aaronmouth,Montana,Mayotte,2024-07-21 2:00:30,2024-10-27 2:00:30
152,CUST00152,Hardy-Harrison,Distributor,New Peterstad,Maine,Burkina Faso,2024-02-01 19:59:46,2024-03-22 19:59:46
153,CUST00153,Lopez and Sons,Wholesale,Harveyfort,Texas,Montenegro,2024-09-17 18:47:35,2025-04-26 18:47:35
154,CUST00154,Jones Inc,Wholesale,West Darrell,Oklahoma,Tokelau,2023-11-04 21:55:58,2024-06-08 21:55:58
155,CUST00155,Wilkinson-Chen,Distributor,North Vanessashire,Oregon,Christmas Island,2023-10-31 4:20:40,2024-06-27 4:20:40
156,CUST00156,"Bruce, Underwood and Mitchell",Distributor,Catherinetown,California,Cambodia,2024-08-21 19:44:02,2024-09-18 19:44:02
157,CUST00157,Jefferson-Lee,Distributor,Delgadoburgh,Pennsylvania,Cocos (Keeling) Islands,2023-12-16 1:27:45,2024-11-15 1:27:45
158,CUST00158,Morrow Inc,Retail,South Karlachester,Georgia,Suriname,2024-04-02 17:09:07,2024-05-23 17:09:07
159,CUST00159,Williamson Inc,Distributor,Jenniferborough,Oklahoma,Madagascar,2024-05-09 22:48:39,2024-12-02 22:48:39
160,CUST00160,"Johnson, Guerra and Diaz",Retail,Nguyenhaven,Minnesota,Puerto Rico,2024-10-20 23:45:39,2025-04-12 23:45:39
161,CUST00161,Douglas-Frye,Retail,West Gabrielbury,North Carolina,Norfolk Island,2023-06-03 7:26:05,2023-10-09 7:26:05
162,CUST00162,Andrews and Sons,Distributor,Rachelberg,Nevada,Fiji,2024-11-19 21:16:44,2025-02-25 21:16:44
163,CUST00163,Oneill-Anderson,Retail,North Brandon,Illinois,Pakistan,2023-08-24 21:58:11,2024-04-10 21:58:11
164,CUST00164,Jackson Group,Retail,Port Stephanie,Wisconsin,Togo,2023-05-18 4:46:51,2023-12-21 4:46:51
165,CUST00165,Daniels Ltd,Wholesale,South Nathaniel,New Hampshire,Tuvalu,2025-01-19 21:21:49,2025-06-11 21:21:49
166,CUST00166,"Palmer, Stevenson and Decker",Retail,Lake Paulfurt,New Mexico,Bermuda,2025-05-08 13:28:49,2025-09-13 13:28:49
167,CUST00167,Simmons-Reyes,Distributor,East Christopher,Arkansas,Seychelles,2024-09-05 12:11:06,2025-04-20 12:11:06
168,CUST00168,"Brown, Hughes and Thompson",Retail,Williamstad,Kansas,Lebanon,2023-08-01 4:06:40,2023-09-21 4:06:40
169,CUST00169,Pena Group,Distributor,Kylieville,New Jersey,Guinea,2025-02-22 1:42:44,2026-01-22 1:42:44
170,CUST00170,Henry-Austin,Retail,Fostershire,South Carolina,Romania,2024-01-14 12:54:11,2025-03-18 12:54:11
171,CUST00171,Bishop-Buck,Retail,Port Adriana,Maryland,Malaysia,2023-11-16 23:20:51,2025-03-27 23:20:51
172,CUST00172,"Baker, Williams and Moore",Retail,West Marialand,Wyoming,Saint Kitts and Nevis,2023-08-13 11:52:40,2024-11-30 11:52:40
173,CUST00173,Jones Group,Wholesale,West Angelabury,Montana,Botswana,2024-01-20 8:11:57,2024-04-15 8:11:57
174,CUST00174,Franco-Davis,Wholesale,Nicoleton,Maine,Greece,2024-07-03 19:14:58,2025-03-09 19:14:58
175,CUST00175,Hamilton-Martin,Wholesale,Lake Christine,New Hampshire,Serbia,2023-10-18 0:49:41,2024-02-05 0:49:41
176,CUST00176,Floyd-Moyer,Retail,Matthewhaven,South Carolina,India,2023-11-21 20:09:57,2025-02-26 20:09:57
177,CUST00177,Vasquez Ltd,Wholesale,Sullivanhaven,Indiana,Estonia,2023-10-15 21:46:22,2024-01-08 21:46:22
178,CUST00178,"Kane, Lara and Brown",Wholesale,Connermouth,Illinois,Guyana,2024-01-29 0:11:31,2024-01-31 0:11:31
179,CUST00179,"Taylor, Griffin and Gonzalez",Wholesale,Elizabethchester,Wisconsin,Austria,2023-12-17 4:19:59,2024-05-01 4:19:59
180,CUST00180,Taylor-Miller,Wholesale,East Diana,Montana,Mauritius,2024-05-06 14:49:53,2024-09-30 14:49:53
181,CUST00181,Hill PLC,Distributor,East Stephanieburgh,Kansas,Suriname,2023-08-15 7:56:58,2024-08-06 7:56:58
182,CUST00182,"Elliott, Young and Mcguire",Distributor,Lake David,Colorado,Monaco,2023-06-07 3:53:44,2024-07-13 3:53:44
183,CUST00183,Anderson LLC,Distributor,North Kristenmouth,Delaware,Libyan Arab Jamahiriya,2023-08-10 4:03:59,2024-07-14 4:03:59
184,CUST00184,White Inc,Retail,Douglasshire,Tennessee,Faroe Islands,2024-04-05 1:42:54,2024-12-11 1:42:54
185,CUST00185,Reid-Ray,Wholesale,East Tarastad,Arkansas,Indonesia,2024-03-20 19:54:23,2024-06-26 19:54:23
186,CUST00186,"Williams, Clark and Bell",Retail,Pearsonmouth,Connecticut,Iraq,2024-05-26 16:20:19,2024-09-15 16:20:19
187,CUST00187,"Porter, Hunt and Davis",Distributor,Lake Pamela,Michigan,Comoros,2024-11-16 10:22:14,2025-09-09 10:22:14
188,CUST00188,Ibarra Inc,Retail,Dixonport,Wisconsin,Turks and Caicos Islands,2024-09-26 12:48:09,2025-07-01 12:48:09
189,CUST00189,"Gallagher, Long and May",Wholesale,New Savannah,New Jersey,Lesotho,2023-09-19 0:00:58,2024-10-06 0:00:58
190,CUST00190,Williams-Moore,Retail,Donaldmouth,Georgia,Romania,2023-06-29 22:42:20,2023-07-29 22:42:20
191,CUST00191,Taylor and Sons,Wholesale,Port Nicholeton,Oklahoma,Mongolia,2024-04-13 8:15:51,2025-02-07 8:15:51
192,CUST00192,Johnson-Munoz,Distributor,North Christine,New Hampshire,Lithuania,2025-04-27 6:48:12,2026-01-10 6:48:12
193,CUST00193,"Roberts, Wall and Lewis",Retail,West Cody,Alaska,Cape Verde,2024-11-15 1:18:04,2025-02-04 1:18:04
194,CUST00194,Clarke-Evans,Distributor,North Jonathantown,Montana,Philippines,2024-08-26 4:10:03,2025-12-31 4:10:03
195,CUST00195,"Edwards, Sullivan and Jones",Retail,Port Adam,Connecticut,Kuwait,2023-07-11 21:00:07,2023-08-22 21:00:07
196,CUST00196,"Williams, Black and Cook",Distributor,Contrerasfort,New York,Tonga,2025-05-10 20:51:50,2025-06-15 20:51:50
197,CUST00197,Cox Group,Distributor,North Kirkhaven,Montana,Indonesia,2024-01-24 5:04:42,2024-02-28 5:04:42
198,CUST00198,"Ray, Clark and Miller",Retail,Dunnburgh,Virginia,Zambia,2024-06-24 13:50:10,2025-09-09 13:50:10
199,CUST00199,"Meyer, Davis and Rivera",Retail,Bentleymouth,Pennsylvania,Libyan Arab Jamahiriya,2024-02-03 15:58:30,2024-08-28 15:58:30
200,CUST00200,Monroe Ltd,Distributor,Victoriabury,Tennessee,Kiribati,2024-08-18 22:34:23,2025-12-14 22:34:23
201,CUST00201,Alvarez-Finley,Distributor,Sanchezfurt,Montana,Turks and Caicos Islands,2024-12-23 15:17:21,2025-04-29 15:17:21
202,CUST00202,Adams Group,Retail,Johnfurt,West Virginia,Guam,2024-08-07 7:39:14,2025-06-08 7:39:14
203,CUST00203,"Powell, Williams and Sullivan",Retail,Port Mitchell,Montana,Saint Lucia,2024-11-20 10:07:30,2025-10-04 10:07:30
204,CUST00204,"Reyes, Sanchez and Johnson",Distributor,Curtisland,Nebraska,British Indian Ocean Territory (Chagos Archipelago),2024-01-22 15:08:01,2024-08-24 15:08:01
205,CUST00205,Valdez-Alexander,Distributor,Smithstad,Indiana,Syrian Arab Republic,2023-08-18 12:05:49,2024-06-12 12:05:49
206,CUST00206,Brown-Fernandez,Wholesale,Thomaston,Wyoming,Estonia,2023-08-24 18:08:17,2024-05-18 18:08:17
207,CUST00207,Heath-Jackson,Wholesale,West Carla,Nevada,Niger,2024-07-04 8:22:35,2025-10-26 8:22:35
208,CUST00208,Anderson and Sons,Distributor,North Patrickstad,Arizona,Christmas Island,2024-12-23 2:05:03,2025-04-07 2:05:03
209,CUST00209,Holt Inc,Wholesale,Stephanietown,Wisconsin,Cape Verde,2023-06-29 15:18:37,2024-06-30 15:18:37
210,CUST00210,"Smith, Duncan and Cox",Wholesale,West Matthewfurt,Iowa,Swaziland,2024-06-08 11:41:15,2024-10-09 11:41:15
211,CUST00211,Jackson LLC,Retail,Bryanhaven,North Carolina,Netherlands Antilles,2024-04-06 1:34:43,2024-10-26 1:34:43
212,CUST00212,Schmidt-Keller,Distributor,North Natalie,Texas,Cook Islands,2023-09-15 17:30:31,2024-08-24 17:30:31
213,CUST00213,Novak PLC,Wholesale,Port Chelseaport,Hawaii,Mauritania,2024-01-12 16:25:23,2024-06-14 16:25:23
214,CUST00214,Young and Sons,Retail,Sextonbury,Oregon,Greenland,2025-03-24 0:46:55,2025-09-02 0:46:55
215,CUST00215,Martin-Hamilton,Wholesale,Ryanborough,New York,Saint Kitts and Nevis,2023-06-17 5:14:51,2023-06-22 5:14:51
216,CUST00216,Quinn-Singh,Distributor,North Zachary,Vermont,Iceland,2025-04-02 17:40:48,2026-02-15 17:40:48
217,CUST00217,Munoz LLC,Retail,South Ryan,Michigan,Lithuania,2024-03-13 4:17:45,2024-05-04 4:17:45
218,CUST00218,Gilbert-Young,Retail,New David,Ohio,El Salvador,2024-06-07 18:44:32,2025-03-10 18:44:32
219,CUST00219,"Butler, Brown and Mercer",Wholesale,North Christopherland,Maine,Norway,2023-09-02 6:55:04,2024-05-19 6:55:04
220,CUST00220,Cook Inc,Wholesale,Pittsberg,California,South Africa,2025-02-24 15:53:20,2025-05-03 15:53:20
221,CUST00221,"Jimenez, Rice and Richardson",Retail,West Kylefort,Alabama,Saint Helena,2023-07-22 15:51:22,2024-10-16 15:51:22
222,CUST00222,Black-Martinez,Retail,Ashleyhaven,Mississippi,Belarus,2024-12-21 1:06:06,2026-03-17 1:06:06
223,CUST00223,Williams-Juarez,Wholesale,Jeffreyton,Maryland,Algeria,2024-10-28 1:47:06,2025-05-06 1:47:06
224,CUST00224,"Ortiz, Erickson and Freeman",Wholesale,Vernonmouth,Rhode Island,Benin,2023-10-23 9:39:15,2024-01-12 9:39:15
225,CUST00225,Spears and Sons,Distributor,South Brian,Missouri,Cayman Islands,2025-02-14 5:24:26,2026-04-17 5:24:26
226,CUST00226,Calhoun-Hogan,Wholesale,South Heidi,South Dakota,Panama,2023-05-21 8:33:22,2024-05-16 8:33:22
227,CUST00227,Allen and Sons,Distributor,Brandyborough,Arizona,Montenegro,2024-03-25 23:35:32,2025-02-02 23:35:32
228,CUST00228,"Fleming, Robles and Dunn",Retail,Nelsonshire,Colorado,Bhutan,2025-03-18 0:26:06,2025-12-14 0:26:06
229,CUST00229,Pearson-Morgan,Distributor,East Karen,Arkansas,Sweden,2025-01-09 3:17:06,2025-12-17 3:17:06
230,CUST00230,Villanueva PLC,Distributor,North Kevin,Colorado,Saint Vincent and the Grenadines,2024-07-18 3:36:02,2024-12-19 3:36:02
231,CUST00231,Mcconnell-Newman,Retail,Amyfort,Indiana,Ecuador,2025-03-23 12:02:47,2025-05-16 12:02:47
232,CUST00232,Medina Group,Retail,Collinsstad,Colorado,Bouvet Island (Bouvetoya),2024-05-16 12:56:37,2024-09-29 12:56:37
233,CUST00233,"Davis, Jackson and Holt",Retail,New Anthonyborough,Alabama,Samoa,2025-03-18 14:52:00,2026-06-17 14:52:00
234,CUST00234,Williams-Cook,Distributor,West Joshuamouth,Minnesota,Latvia,2023-07-09 17:38:18,2024-07-24 17:38:18
235,CUST00235,Lam Group,Wholesale,Marshallmouth,Michigan,Vietnam,2024-07-18 19:08:04,2024-10-06 19:08:04
236,CUST00236,Lopez Inc,Distributor,Lake Angelachester,Tennessee,Thailand,2025-02-05 16:52:01,2025-06-30 16:52:01
237,CUST00237,Zavala-Atkins,Distributor,Port Jodi,Utah,Angola,2024-03-31 0:09:58,2024-07-17 0:09:58
238,CUST00238,"Allen, Smith and Lee",Retail,North Christopher,North Dakota,Cameroon,2024-12-12 8:25:35,2025-06-06 8:25:35
239,CUST00239,"Frye, Cervantes and Keller",Distributor,West Kyle,Wyoming,Namibia,2024-01-22 20:18:59,2025-01-08 20:18:59
240,CUST00240,Roberts-Hurst,Wholesale,West Alvinhaven,New Mexico,Mongolia,2025-03-11 8:35:38,2026-05-22 8:35:38
241,CUST00241,"Petty, Sanchez and Trujillo",Wholesale,Johnmouth,Ohio,Tuvalu,2024-06-29 6:26:08,2025-03-15 6:26:08
242,CUST00242,"Martin, Nichols and Cruz",Retail,West Kristinmouth,Vermont,Japan,2023-10-18 17:44:59,2024-02-24 17:44:59
243,CUST00243,Hudson-Gutierrez,Distributor,Michaelton,Tennessee,Mozambique,2024-05-23 4:59:55,2024-07-10 4:59:55
244,CUST00244,"Brown, Schmidt and Taylor",Wholesale,Quinnport,Idaho,Saint Pierre and Miquelon,2024-05-08 3:13:36,2024-12-11 3:13:36
245,CUST00245,Cross Group,Retail,Garciaborough,Alabama,Gambia,2023-06-29 19:20:15,2023-07-22 19:20:15
246,CUST00246,"Carr, Olson and Wilson",Retail,West Tara,Louisiana,Vietnam,2023-05-18 18:16:52,2023-11-05 18:16:52
247,CUST00247,Curtis PLC,Wholesale,Delacruzborough,Arkansas,Armenia,2024-10-11 4:49:43,2025-09-03 4:49:43
248,CUST00248,Holt-Fisher,Distributor,Port Kelly,Michigan,Liechtenstein,2023-11-03 4:26:14,2024-01-25 4:26:14
249,CUST00249,Rivera-Middleton,Distributor,Kellyfort,South Carolina,Palau,2024-06-24 9:56:55,2025-02-06 9:56:55
250,CUST00250,"Carrillo, Vasquez and Mitchell",Wholesale,Mooreburgh,Alabama,Ethiopia,2025-03-21 17:40:09,2026-03-18 17:40:09
251,CUST00251,Powell Group,Retail,Lauriestad,California,Mali,2023-12-26 5:09:31,2024-10-09 5:09:31
252,CUST00252,Garcia-Brooks,Retail,East Tiffanyview,North Dakota,Cayman Islands,2025-03-22 21:38:18,2025-05-19 21:38:18
253,CUST00253,Rios Group,Distributor,South Hannah,Mississippi,Falkland Islands (Malvinas),2023-05-19 8:15:49,2024-09-14 8:15:49
254,CUST00254,Strong Group,Retail,New Sean,Minnesota,Ethiopia,2023-05-22 14:05:24,2024-08-27 14:05:24
255,CUST00255,Morales-Thomas,Retail,North Megan,Hawaii,Spain,2023-10-20 13:26:26,2024-07-26 13:26:26
256,CUST00256,Kelly and Sons,Wholesale,Andradeland,Colorado,Afghanistan,2025-04-22 21:29:44,2026-06-24 21:29:44
257,CUST00257,Mcclure Ltd,Distributor,Gonzalezburgh,Florida,New Caledonia,2025-01-06 15:04:21,2025-11-01 15:04:21
258,CUST00258,Campbell PLC,Wholesale,South Johnburgh,Florida,Equatorial Guinea,2023-09-01 7:51:26,2023-11-16 7:51:26
259,CUST00259,"Brown, Woodard and Hoffman",Retail,Caseyberg,Massachusetts,Tonga,2025-04-18 21:32:40,2025-06-23 21:32:40
260,CUST00260,"Smith, Clay and Johnston",Wholesale,Ariaston,Wyoming,Slovenia,2024-02-02 5:52:45,2024-07-09 5:52:45
261,CUST00261,Hernandez PLC,Retail,South Kimberlymouth,Oklahoma,Uzbekistan,2024-02-24 1:12:21,2025-05-30 1:12:21
262,CUST00262,"Herrera, Brown and Page",Wholesale,Williamstown,Kentucky,Equatorial Guinea,2023-11-27 6:07:31,2025-03-02 6:07:31
263,CUST00263,"Watson, Simmons and Hughes",Distributor,Lake Lawrencestad,Nebraska,Jordan,2024-06-30 2:09:07,2024-10-16 2:09:07
264,CUST00264,"Byrd, Brown and Wise",Distributor,New Tylerview,Louisiana,Montenegro,2024-12-19 11:23:59,2025-04-26 11:23:59
265,CUST00265,Joseph-Church,Wholesale,New Tina,California,Timor-Leste,2025-04-25 9:32:18,2025-06-17 9:32:18
266,CUST00266,"Lester, Baker and Patel",Distributor,Lake Timothyton,Hawaii,Palestinian Territory,2025-03-15 9:47:43,2026-04-19 9:47:43
267,CUST00267,Barrett PLC,Wholesale,Port Alexandriashire,New Hampshire,Zambia,2024-02-19 20:32:16,2025-05-17 20:32:16
268,CUST00268,"Douglas, Lewis and Dennis",Distributor,East Chadshire,Georgia,Antarctica (the territory South of 60 deg S),2023-10-22 15:19:14,2025-03-04 15:19:14
269,CUST00269,Kelly-Jones,Retail,West Terri,Missouri,United States Minor Outlying Islands,2024-02-28 15:27:51,2025-03-18 15:27:51
270,CUST00270,"Rodriguez, Little and Sullivan",Retail,Ballchester,Wyoming,Monaco,2024-02-05 8:06:15,2025-05-24 8:06:15
271,CUST00271,Guerrero LLC,Retail,South Paul,New Mexico,Namibia,2025-02-25 3:32:09,2026-05-14 3:32:09
272,CUST00272,"Blair, Johnson and Maldonado",Retail,West Makayla,Delaware,Svalbard & Jan Mayen Islands,2024-03-28 19:28:24,2025-08-10 19:28:24
273,CUST00273,"Baker, Martin and Osborn",Wholesale,Bradleyton,Alabama,Lao People's Democratic Republic,2025-03-25 3:57:51,2026-06-20 3:57:51
274,CUST00274,Mclaughlin Ltd,Retail,Heathershire,South Carolina,Tanzania,2023-08-18 12:48:26,2023-08-31 12:48:26
275,CUST00275,Soto-Mcintyre,Wholesale,North Thomasburgh,Massachusetts,Uzbekistan,2024-08-24 2:31:48,2025-09-06 2:31:48
276,CUST00276,Mejia-Long,Wholesale,Ericksonborough,Delaware,Namibia,2024-09-06 1:33:15,2025-10-12 1:33:15
277,CUST00277,"Ortega, Becker and Johnson",Distributor,Levytown,Kansas,Myanmar,2023-08-31 11:56:14,2024-10-15 11:56:14
278,CUST00278,Meyer Group,Distributor,North Karen,Minnesota,Lithuania,2025-04-17 0:30:51,2026-07-04 0:30:51
279,CUST00279,Pope Group,Retail,Moralesshire,Arizona,Croatia,2024-08-21 21:14:32,2025-10-11 21:14:32
280,CUST00280,Case and Sons,Retail,Daniellehaven,Ohio,Cape Verde,2024-03-25 5:16:44,2024-08-09 5:16:44
281,CUST00281,Martinez and Sons,Distributor,Lake Bruce,New Mexico,Macao,2023-09-17 9:00:15,2024-10-25 9:00:15
282,CUST00282,Schwartz Group,Wholesale,South Jennifermouth,Georgia,Monaco,2025-03-31 5:45:09,2025-05-26 5:45:09
283,CUST00283,Romero Group,Retail,East Anna,Utah,Ghana,2025-03-18 20:03:04,2026-06-08 20:03:04
284,CUST00284,"Brown, Perez and Moore",Wholesale,Phillipview,Washington,Rwanda,2025-02-24 15:03:22,2026-05-10 15:03:22
285,CUST00285,Padilla-Brown,Retail,North Kristen,Vermont,Bahrain,2023-06-19 16:25:45,2023-10-11 16:25:45
286,CUST00286,Rose LLC,Wholesale,Christinastad,Utah,Congo,2025-03-11 21:34:02,2026-05-04 21:34:02
287,CUST00287,"Daniel, Steele and Snyder",Wholesale,West Courtneyfort,Louisiana,Armenia,2023-09-01 0:13:06,2024-02-28 0:13:06
288,CUST00288,Cisneros-Lewis,Retail,Johnhaven,Arkansas,India,2023-11-07 18:00:27,2025-01-01 18:00:27
289,CUST00289,"Fowler, Joseph and Brown",Retail,West Jason,Arkansas,El Salvador,2024-12-13 10:56:15,2025-04-07 10:56:15
290,CUST00290,Rivera and Sons,Retail,South Robert,New Mexico,Monaco,2023-11-23 14:31:48,2024-10-26 14:31:48
291,CUST00291,"Jones, Farmer and Beck",Wholesale,New Larry,Wyoming,Guadeloupe,2023-11-26 0:12:09,2024-06-18 0:12:09
292,CUST00292,Stout-Young,Retail,Steventon,Wyoming,Montserrat,2025-04-28 22:21:17,2025-09-18 22:21:17
293,CUST00293,Murphy-Christian,Wholesale,Sandraland,Indiana,French Guiana,2025-03-14 22:13:38,2026-07-23 22:13:38
294,CUST00294,Hendricks-Bowen,Distributor,Nathantown,Wisconsin,Sudan,2024-02-11 1:06:34,2024-08-09 1:06:34
295,CUST00295,"Gonzalez, Bennett and Henderson",Wholesale,Jenningsbury,South Dakota,Denmark,2025-05-05 5:19:13,2026-01-21 5:19:13
296,CUST00296,"Jackson, Horton and Davis",Distributor,Lake Johnshire,New Hampshire,Sao Tome and Principe,2025-02-07 21:39:01,2026-01-21 21:39:01
297,CUST00297,Williams-Miller,Retail,West Christophermouth,Idaho,Christmas Island,2023-10-29 18:13:36,2024-04-16 18:13:36
298,CUST00298,Smith-King,Wholesale,Cooleyton,Idaho,New Zealand,2024-04-29 18:35:02,2024-06-28 18:35:02
299,CUST00299,Harrison-Miranda,Distributor,New Christophertown,Kentucky,Seychelles,2024-11-08 10:08:08,2025-02-08 10:08:08
300,CUST00300,"Lambert, Young and Ellison",Wholesale,Johnshire,Virginia,Peru,2024-09-24 2:22:27,2026-01-30 2:22:27
301,CUST00301,"Bowman, White and Lopez",Retail,Richardborough,Montana,Greenland,2024-10-24 5:54:37,2024-11-13 5:54:37
302,CUST00302,Stewart-Calderon,Wholesale,Harrisontown,California,Bosnia and Herzegovina,2023-09-28 18:50:37,2024-07-30 18:50:37
303,CUST00303,Smith Inc,Distributor,Staceystad,Utah,Cuba,2024-09-24 11:01:09,2025-03-20 11:01:09
304,CUST00304,Rogers-Mitchell,Wholesale,New Tonyfurt,Alaska,Cuba,2023-05-20 14:45:50,2024-06-26 14:45:50
305,CUST00305,"Sheppard, Johnson and Warren",Distributor,Smithland,New Hampshire,Tokelau,2024-08-10 21:55:52,2025-03-22 21:55:52
306,CUST00306,"Bishop, Newman and Skinner",Retail,North Eric,Oklahoma,Bhutan,2024-06-18 12:38:50,2025-03-07 12:38:50
307,CUST00307,"Pugh, Edwards and Gross",Distributor,Port Mary,North Carolina,Albania,2024-02-13 12:36:45,2024-08-29 12:36:45
308,CUST00308,"Smith, Moore and Crane",Wholesale,South Josephborough,Louisiana,Angola,2025-03-26 7:08:56,2025-07-02 7:08:56
309,CUST00309,Davis-Flores,Distributor,Alishaville,Minnesota,Trinidad and Tobago,2024-11-29 7:30:12,2024-12-22 7:30:12
310,CUST00310,"Mckinney, Moyer and Thomas",Retail,Lisafurt,North Carolina,Somalia,2024-06-22 1:18:17,2025-02-01 1:18:17
311,CUST00311,"Parker, Smith and Washington",Distributor,North Michelle,Connecticut,Morocco,2024-12-16 12:07:44,2025-09-09 12:07:44
312,CUST00312,"Gordon, Briggs and Kim",Distributor,Lake Jeffreyside,Wyoming,Saint Barthelemy,2024-03-24 5:26:09,2025-03-11 5:26:09
313,CUST00313,Sherman Ltd,Distributor,Donnaton,Washington,Saint Barthelemy,2024-04-30 23:59:37,2025-08-25 23:59:37
314,CUST00314,Fox and Sons,Distributor,Evansberg,Mississippi,Korea,2024-07-11 10:50:57,2025-07-24 10:50:57
315,CUST00315,Benjamin Group,Wholesale,West Wendymouth,Nebraska,British Virgin Islands,2025-05-04 0:48:58,2025-08-13 0:48:58
316,CUST00316,Guzman-Garner,Retail,Lake Catherineton,Hawaii,Ethiopia,2024-08-03 5:12:26,2025-03-12 5:12:26
317,CUST00317,Martin-Hood,Distributor,West Charles,Texas,Czech Republic,2024-04-16 7:15:00,2025-08-15 7:15:00
318,CUST00318,Adams Inc,Wholesale,West Jacob,Texas,Kuwait,2024-02-03 14:12:42,2025-05-20 14:12:42
319,CUST00319,Shields Inc,Wholesale,Port Jacob,Delaware,Wallis and Futuna,2023-05-19 9:59:25,2024-04-03 9:59:25
320,CUST00320,Stephens PLC,Retail,Jameschester,Oklahoma,Iceland,2025-02-27 9:52:22,2026-02-02 9:52:22
321,CUST00321,Jordan-Freeman,Wholesale,Bradleyville,Wyoming,Kiribati,2024-07-12 11:56:32,2025-07-16 11:56:32
322,CUST00322,"Hoffman, Martin and Anderson",Wholesale,Lake Rosstown,New Mexico,Korea,2024-04-30 18:11:48,2025-01-15 18:11:48
323,CUST00323,"Ortega, Nichols and Luna",Wholesale,Julieville,Massachusetts,Togo,2023-12-13 16:01:57,2024-11-19 16:01:57
324,CUST00324,Thompson-Grimes,Wholesale,Moorebury,Oregon,Kazakhstan,2024-05-02 16:52:33,2024-10-17 16:52:33
325,CUST00325,"Davis, Miller and Wood",Wholesale,Lake Kristina,Indiana,Luxembourg,2024-06-18 1:28:15,2025-06-10 1:28:15
326,CUST00326,"Mcdonald, Greer and Koch",Retail,Moralesfort,Georgia,Bahrain,2025-03-06 16:58:06,2025-12-15 16:58:06
327,CUST00327,Ortiz Inc,Wholesale,Morenoberg,West Virginia,Kenya,2024-02-09 16:38:22,2024-05-18 16:38:22
328,CUST00328,"Christian, Davis and Carroll",Wholesale,South Patrick,California,Netherlands,2024-01-02 3:55:52,2024-12-08 3:55:52
329,CUST00329,Johnson PLC,Distributor,Lake Cindyshire,California,Samoa,2025-02-27 7:22:45,2026-02-09 7:22:45
330,CUST00330,Gonzales LLC,Retail,Moranborough,Utah,Guinea-Bissau,2023-12-10 11:25:30,2025-03-17 11:25:30
331,CUST00331,"Olson, Harvey and Fitzgerald",Distributor,Rodriguezhaven,South Dakota,Tonga,2024-01-22 12:48:07,2024-12-03 12:48:07
332,CUST00332,Jones LLC,Wholesale,West Rachelhaven,California,Brunei Darussalam,2024-07-22 16:50:06,2024-12-24 16:50:06
333,CUST00333,Hill Ltd,Retail,Welchport,Massachusetts,Haiti,2024-03-02 20:20:25,2024-12-08 20:20:25
334,CUST00334,Wright-Williams,Wholesale,South Christopher,West Virginia,Korea,2024-01-14 4:11:04,2024-06-18 4:11:04
335,CUST00335,Woods-Gray,Wholesale,Drakestad,Alaska,Reunion,2024-12-06 23:13:38,2025-03-24 23:13:38
336,CUST00336,"Harris, Alvarez and Young",Distributor,Gallagherton,Massachusetts,Panama,2024-12-31 22:33:39,2026-02-07 22:33:39
337,CUST00337,Moore-Larson,Distributor,South Christopher,Delaware,Ukraine,2025-04-13 9:00:07,2026-02-18 9:00:07
338,CUST00338,Weaver-Watson,Wholesale,Petersonmouth,Connecticut,Cambodia,2025-02-07 19:02:32,2025-07-22 19:02:32
339,CUST00339,Weeks-Stevens,Wholesale,Courtneybury,Utah,Slovenia,2024-11-24 5:01:58,2025-07-09 5:01:58
340,CUST00340,"Castaneda, King and Lynch",Retail,Port Michael,Vermont,Montserrat,2025-02-28 3:37:00,2026-02-09 3:37:00
341,CUST00341,Lee-Lopez,Wholesale,North Amandafort,Connecticut,Malta,2024-10-04 0:47:35,2025-06-23 0:47:35
342,CUST00342,Daugherty Inc,Distributor,New George,South Dakota,Vanuatu,2023-10-27 5:38:30,2024-12-07 5:38:30
343,CUST00343,Robbins LLC,Distributor,Castilloton,Louisiana,Nepal,2024-07-20 7:15:23,2024-10-15 7:15:23
344,CUST00344,Smith-May,Wholesale,Port Thomas,North Dakota,Australia,2023-05-21 14:27:27,2023-07-04 14:27:27
345,CUST00345,Fields Inc,Distributor,New Ashley,New Hampshire,Indonesia,2024-07-10 6:52:18,2025-03-31 6:52:18
346,CUST00346,White-King,Distributor,Port Derrick,Iowa,Tonga,2023-12-18 14:40:57,2024-11-07 14:40:57
347,CUST00347,Howell Ltd,Retail,Jeromestad,South Carolina,Morocco,2024-10-11 13:12:24,2025-04-01 13:12:24
348,CUST00348,Chung PLC,Retail,Roberthaven,Vermont,Hungary,2024-06-15 2:10:59,2025-08-09 2:10:59
349,CUST00349,Foster-Nichols,Wholesale,West Jacob,Delaware,Bahrain,2025-01-09 11:37:30,2025-12-20 11:37:30
350,CUST00350,"Richardson, Conway and Spencer",Retail,Conwayview,Missouri,Belgium,2025-03-08 0:01:00,2025-07-02 0:01:00
351,CUST00351,Hunter Group,Retail,South Anna,Connecticut,United States Minor Outlying Islands,2023-07-25 12:53:44,2023-10-09 12:53:44
352,CUST00352,"Jenkins, Wilson and Sanchez",Retail,North Eric,Oregon,Sweden,2024-10-28 14:19:17,2024-11-21 14:19:17
353,CUST00353,Bennett Inc,Distributor,South Sabrinaton,Rhode Island,Norway,2025-02-14 22:24:33,2025-10-16 22:24:33
354,CUST00354,"Robinson, Jenkins and Garcia",Retail,North John,Pennsylvania,Falkland Islands (Malvinas),2024-05-30 11:46:24,2025-08-09 11:46:24
355,CUST00355,French-Franklin,Wholesale,Glovermouth,Kansas,Suriname,2025-01-06 5:05:47,2025-08-28 5:05:47
356,CUST00356,"Blanchard, Henderson and York",Distributor,East Heatherburgh,Washington,Saudi Arabia,2023-11-14 4:33:24,2025-02-10 4:33:24
357,CUST00357,Webb Inc,Retail,New Terry,Arizona,Chile,2023-12-04 20:06:05,2024-09-24 20:06:05
358,CUST00358,Reynolds LLC,Distributor,South Danielview,Maine,Croatia,2023-12-05 4:17:00,2024-12-07 4:17:00
359,CUST00359,Jordan-Bright,Wholesale,Lake Tyrone,Colorado,Lao People's Democratic Republic,2024-06-14 13:36:06,2024-12-28 13:36:06
360,CUST00360,Powell-Fisher,Retail,Steeleport,Texas,Zimbabwe,2024-07-16 19:29:14,2025-02-06 19:29:14
361,CUST00361,Barrett-Alexander,Distributor,Blackshire,Kentucky,Zambia,2024-08-13 6:49:36,2024-10-28 6:49:36
362,CUST00362,"Hodges, Johnson and Zuniga",Retail,Lake Zacharyton,Arizona,Jersey,2024-04-03 14:40:58,2025-03-22 14:40:58
363,CUST00363,Greene Group,Retail,Lake Micheal,Florida,Ecuador,2024-09-25 4:55:26,2025-12-27 4:55:26
364,CUST00364,Hull PLC,Wholesale,New Kristamouth,Georgia,Honduras,2024-10-18 4:12:45,2025-11-21 4:12:45
365,CUST00365,Wilson Group,Retail,Matthewsmouth,North Dakota,Micronesia,2024-01-02 20:16:33,2024-04-24 20:16:33
366,CUST00366,Banks Group,Distributor,Leeview,Florida,Lithuania,2024-09-14 6:21:57,2025-10-31 6:21:57
367,CUST00367,"Dawson, Allen and Thomas",Wholesale,North Jonathantown,Kansas,French Polynesia,2023-10-05 9:30:13,2024-06-27 9:30:13
368,CUST00368,"Pennington, Davis and White",Distributor,West Aprilburgh,Ohio,Sudan,2023-09-15 23:05:04,2023-10-11 23:05:04
369,CUST00369,Terrell Ltd,Retail,Dawnchester,Nebraska,Reunion,2023-09-27 10:03:31,2024-02-02 10:03:31
370,CUST00370,Vazquez-Vaughn,Retail,Sallyville,California,Uzbekistan,2023-07-20 12:05:31,2024-03-10 12:05:31
371,CUST00371,Bell-Parker,Wholesale,Lozanotown,Georgia,Armenia,2024-03-09 22:00:43,2025-04-24 22:00:43
372,CUST00372,"Mcgee, Stephens and Grant",Distributor,Aimeestad,Vermont,Cameroon,2023-07-15 4:13:30,2024-06-21 4:13:30
373,CUST00373,Lopez PLC,Distributor,Port Matthew,Montana,Bermuda,2024-03-26 22:10:18,2025-01-07 22:10:18
374,CUST00374,Ho LLC,Wholesale,Mendozaton,Washington,Mozambique,2025-01-29 22:42:10,2025-07-11 22:42:10
375,CUST00375,Frye-Sandoval,Distributor,Shannonchester,South Dakota,Morocco,2025-03-28 23:21:41,2026-02-05 23:21:41
376,CUST00376,Weeks LLC,Distributor,West Timothyport,New York,Zambia,2023-08-25 13:22:57,2024-11-24 13:22:57
377,CUST00377,"Thompson, Monroe and Morris",Distributor,New Alyssafort,Massachusetts,Myanmar,2025-02-17 2:53:55,2025-09-24 2:53:55
378,CUST00378,"Webster, Brown and Park",Retail,Danielfort,North Dakota,Estonia,2023-08-11 20:11:06,2024-03-27 20:11:06
379,CUST00379,Becker Group,Wholesale,Ellenborough,Idaho,Western Sahara,2024-02-23 21:06:45,2025-03-10 21:06:45
380,CUST00380,Wright-Taylor,Wholesale,West Jeffreyport,New Jersey,Bahrain,2023-06-09 3:26:46,2024-01-26 3:26:46
381,CUST00381,Harris-Sandoval,Retail,Amybury,Hawaii,Saudi Arabia,2024-03-04 23:47:26,2025-03-24 23:47:26
382,CUST00382,Smith-Hughes,Distributor,South Daniel,North Dakota,American Samoa,2024-03-20 21:42:58,2025-05-25 21:42:58
383,CUST00383,Craig-Rivera,Distributor,Miguelberg,Nevada,Malawi,2025-01-07 12:27:38,2025-05-29 12:27:38
384,CUST00384,Cannon LLC,Distributor,Cameronville,Virginia,Reunion,2025-01-20 21:53:55,2025-09-26 21:53:55
385,CUST00385,Monroe and Sons,Wholesale,East John,Mississippi,Pitcairn Islands,2023-06-17 1:57:19,2023-10-18 1:57:19
386,CUST00386,"Carlson, Warren and Smith",Retail,Gonzalezville,Kansas,Rwanda,2024-07-19 19:48:51,2025-03-02 19:48:51
387,CUST00387,"Porter, Collins and Schmidt",Wholesale,Murrayfort,North Dakota,Cape Verde,2024-02-02 20:31:57,2025-02-02 20:31:57
388,CUST00388,"Phillips, Johnson and Wilson",Wholesale,Ariasstad,Montana,Gabon,2024-11-18 22:33:00,2025-03-19 22:33:00
389,CUST00389,"Trujillo, Schmidt and Stevens",Wholesale,Lake Richard,Washington,Slovenia,2023-08-01 6:56:13,2024-01-20 6:56:13
390,CUST00390,"Morris, Brown and Garza",Distributor,Port Brandonshire,Vermont,Israel,2023-11-16 0:49:17,2025-02-16 0:49:17
391,CUST00391,Acevedo-Haynes,Retail,Lake Clinton,Rhode Island,Argentina,2024-02-26 13:40:21,2024-04-08 13:40:21
392,CUST00392,Flores-Hernandez,Retail,South Joel,North Carolina,Pakistan,2023-06-13 7:51:34,2023-08-30 7:51:34
393,CUST00393,Dorsey Group,Distributor,West Katiemouth,Virginia,Papua New Guinea,2024-12-26 1:06:02,2025-07-11 1:06:02
394,CUST00394,Bell Inc,Distributor,Marksshire,Missouri,Congo,2024-04-09 9:46:27,2024-06-27 9:46:27
395,CUST00395,Buck-Mckenzie,Retail,Adamsmouth,Wisconsin,Marshall Islands,2024-03-14 18:57:08,2024-07-02 18:57:08
396,CUST00396,Ball-Davis,Wholesale,North Lynnhaven,Oklahoma,Vanuatu,2024-04-11 16:46:31,2024-11-10 16:46:31
397,CUST00397,"Baker, Benson and Hughes",Distributor,North Linda,New Jersey,Cambodia,2024-12-25 16:40:39,2025-06-13 16:40:39
398,CUST00398,Reed and Sons,Wholesale,East Josephland,New Hampshire,Antarctica (the territory South of 60 deg S),2025-01-14 21:11:29,2025-09-10 21:11:29
399,CUST00399,Kelly-Martinez,Retail,Denisechester,Arizona,Uruguay,2023-09-02 14:35:12,2023-10-04 14:35:12
400,CUST00400,Bell Group,Wholesale,Port Christian,New York,Myanmar,2024-11-19 18:26:23,2026-01-20 18:26:23
401,CUST00401,"Todd, Lowe and Lowe",Distributor,Alexanderstad,Iowa,Zambia,2023-09-03 14:48:09,2024-03-21 14:48:09
402,CUST00402,"Burnett, Estrada and Whitehead",Distributor,Port Chadberg,Oregon,Mexico,2024-09-14 5:15:13,2026-01-12 5:15:13
403,CUST00403,"Estes, Newton and Burke",Distributor,Josephfurt,Rhode Island,Saint Martin,2023-07-03 20:28:48,2023-07-14 20:28:48
404,CUST00404,"Mcdaniel, Larson and Soto",Wholesale,New Michael,Delaware,French Polynesia,2024-06-18 8:25:50,2024-12-30 8:25:50
405,CUST00405,"Hale, Reid and Frank",Wholesale,Armstrongshire,Mississippi,French Guiana,2024-04-21 7:23:42,2024-04-25 7:23:42
406,CUST00406,"Stuart, Rogers and Miller",Wholesale,South Colestad,Hawaii,Cape Verde,2023-05-16 12:46:02,2023-10-16 12:46:02
407,CUST00407,Cruz-Miller,Wholesale,East Zachary,South Carolina,Nepal,2024-12-13 1:26:00,2026-02-23 1:26:00
408,CUST00408,Walker-Bailey,Distributor,Lake Jerry,Indiana,Liberia,2024-01-19 12:41:08,2024-10-21 12:41:08
409,CUST00409,"Nelson, Black and Miller",Distributor,Craigberg,Ohio,Tajikistan,2024-09-17 11:39:41,2025-09-29 11:39:41
410,CUST00410,"Lopez, Gomez and Welch",Distributor,West Amy,North Carolina,Nauru,2024-08-14 14:14:37,2025-09-28 14:14:37
411,CUST00411,"Jones, Elliott and Ray",Retail,North Jessicaland,Maine,New Caledonia,2024-09-02 22:49:07,2025-12-06 22:49:07
412,CUST00412,Miller-Vega,Retail,Lake Karentown,Georgia,Belize,2024-06-15 12:43:05,2025-02-20 12:43:05
413,CUST00413,Mccarty Ltd,Wholesale,New Ashley,Washington,United States Minor Outlying Islands,2023-12-12 2:48:17,2024-04-30 2:48:17
414,CUST00414,Carlson and Sons,Retail,Lake Amandaburgh,Ohio,Togo,2023-05-17 23:14:13,2024-01-21 23:14:13
415,CUST00415,"Sanchez, Castro and Nixon",Wholesale,North Randy,Tennessee,Nigeria,2024-07-13 2:41:50,2025-01-29 2:41:50
416,CUST00416,Hernandez Ltd,Distributor,Claytonburgh,New York,Georgia,2023-12-03 2:12:51,2024-11-10 2:12:51
417,CUST00417,"Keith, Hunt and Pratt",Wholesale,Lake Josephtown,Minnesota,Micronesia,2024-11-07 13:06:50,2025-12-21 13:06:50
418,CUST00418,"Lopez, Hill and Martin",Retail,North Richardtown,Connecticut,Bermuda,2023-06-30 19:32:17,2024-07-05 19:32:17
419,CUST00419,Lyons and Sons,Wholesale,Pamelamouth,Iowa,Saint Lucia,2024-10-13 10:11:23,2025-12-18 10:11:23
420,CUST00420,Douglas and Sons,Retail,South Stephaniehaven,New Mexico,Zimbabwe,2024-03-20 7:10:35,2025-07-04 7:10:35
421,CUST00421,Johnson-Martinez,Distributor,Shawnville,New Mexico,Cameroon,2024-01-08 15:48:30,2024-11-22 15:48:30
422,CUST00422,"Smith, Davis and Moore",Wholesale,Bentleyhaven,Maine,China,2023-11-28 21:38:18,2023-12-12 21:38:18
423,CUST00423,Kim-Davis,Distributor,Lake Christy,Idaho,Ethiopia,2023-10-11 5:41:00,2024-08-10 5:41:00
424,CUST00424,Pacheco LLC,Retail,South Mary,Illinois,Canada,2025-04-20 8:54:44,2026-03-26 8:54:44
425,CUST00425,Butler and Sons,Distributor,Marthaburgh,Tennessee,Croatia,2023-11-22 2:36:12,2024-01-04 2:36:12
426,CUST00426,Baker and Sons,Retail,Davidburgh,Virginia,Tunisia,2024-08-09 11:21:55,2025-03-17 11:21:55
427,CUST00427,Cochran-Case,Wholesale,South Michelletown,Florida,Costa Rica,2023-10-18 16:55:06,2025-01-04 16:55:06
428,CUST00428,"Sanchez, Cox and Arnold",Retail,Meganstad,Nebraska,Serbia,2024-10-26 16:03:10,2025-01-28 16:03:10
429,CUST00429,"Dickson, Roberts and Simon",Wholesale,North Rebecca,Alaska,Finland,2023-05-31 3:54:55,2023-10-12 3:54:55
430,CUST00430,"Santos, Mejia and Jones",Retail,North Jenniferchester,Louisiana,Slovenia,2023-07-15 3:36:17,2023-12-30 3:36:17
431,CUST00431,Brown Inc,Wholesale,New Donaldborough,New Jersey,Gabon,2024-06-19 10:27:48,2025-02-07 10:27:48
432,CUST00432,Vazquez Group,Wholesale,New Laura,Rhode Island,Kiribati,2024-12-09 19:16:54,2025-05-31 19:16:54
433,CUST00433,Lopez-Olson,Wholesale,Robertstad,Arizona,Belize,2024-11-30 8:18:46,2025-04-22 8:18:46
434,CUST00434,"Fitzgerald, Leonard and Reynolds",Retail,New Kaylaville,Michigan,Tuvalu,2024-06-07 1:19:21,2024-10-15 1:19:21
435,CUST00435,"Smith, Tucker and Schultz",Retail,North Jessicachester,Kansas,Germany,2024-04-15 13:43:46,2024-12-12 13:43:46
436,CUST00436,James-Wagner,Distributor,North Curtismouth,Missouri,Grenada,2024-11-02 16:38:17,2025-11-21 16:38:17
437,CUST00437,Walsh-Jones,Wholesale,South Daniel,Oregon,Puerto Rico,2024-07-07 18:02:29,2024-08-03 18:02:29
438,CUST00438,Foster-Flores,Distributor,West Markside,New Jersey,Falkland Islands (Malvinas),2025-02-28 20:12:09,2025-06-23 20:12:09
439,CUST00439,Reese-Martinez,Distributor,Smithshire,Idaho,Wallis and Futuna,2025-02-14 6:33:09,2025-03-22 6:33:09
440,CUST00440,Wright-Alvarez,Retail,Huntshire,Colorado,Afghanistan,2025-04-06 22:01:30,2025-04-27 22:01:30
441,CUST00441,Ewing Ltd,Retail,Port Mollyberg,Louisiana,United Kingdom,2023-10-14 7:24:14,2025-02-12 7:24:14
442,CUST00442,Garcia-Black,Retail,North Davidburgh,South Dakota,Jamaica,2023-08-05 7:37:29,2023-11-16 7:37:29
443,CUST00443,Bautista-Scott,Retail,Justinstad,Colorado,Tokelau,2024-08-13 14:51:13,2025-06-28 14:51:13
444,CUST00444,Thompson-Howe,Retail,West Travismouth,Illinois,Palau,2023-11-24 13:48:17,2024-03-26 13:48:17
445,CUST00445,Phillips Inc,Distributor,West Erik,Oregon,Saint Martin,2023-06-19 3:58:24,2024-02-17 3:58:24
446,CUST00446,Jones-Forbes,Distributor,Phillipshaven,Tennessee,Belize,2024-12-12 12:25:55,2025-02-09 12:25:55
447,CUST00447,Castillo Ltd,Retail,New Michelle,Tennessee,Vanuatu,2024-06-04 6:10:24,2025-10-03 6:10:24
448,CUST00448,Bailey LLC,Distributor,Stoneberg,North Dakota,Mauritius,2023-07-29 1:42:16,2024-03-24 1:42:16
449,CUST00449,Kent Group,Wholesale,Port Connieland,Hawaii,El Salvador,2024-07-25 3:17:44,2024-12-04 3:17:44
450,CUST00450,Carrillo-Young,Distributor,Lake Sophia,Kansas,United States of America,2023-08-09 21:01:01,2023-11-03 21:01:01
451,CUST00451,"Newton, Kramer and Wood",Distributor,Williamsonchester,Maine,Puerto Rico,2025-04-29 6:37:59,2026-03-06 6:37:59
452,CUST00452,Ray PLC,Retail,North Hannahfort,Pennsylvania,Luxembourg,2024-05-09 16:48:42,2025-05-12 16:48:42
453,CUST00453,Young PLC,Retail,Hollytown,Nebraska,Japan,2024-10-10 13:37:56,2025-11-13 13:37:56
454,CUST00454,"Jones, Dominguez and Robinson",Wholesale,North Albert,Arizona,Mali,2023-06-22 18:37:22,2024-10-28 18:37:22
455,CUST00455,Mosley PLC,Distributor,Tylerview,Oregon,Yemen,2023-08-22 20:24:58,2023-10-17 20:24:58
456,CUST00456,Sims-Walton,Wholesale,Meganberg,New Mexico,Slovakia (Slovak Republic),2024-11-03 11:32:43,2024-11-17 11:32:43
457,CUST00457,"Johnson, Herrera and Burch",Distributor,West Prestonstad,Michigan,Malawi,2025-04-12 13:27:36,2026-02-01 13:27:36
458,CUST00458,Soto-Hicks,Wholesale,Belltown,Alaska,Hong Kong,2025-03-04 19:08:39,2026-06-12 19:08:39
459,CUST00459,Taylor and Sons,Distributor,Cynthiaview,Vermont,Samoa,2024-10-14 13:04:53,2025-05-06 13:04:53
460,CUST00460,Hunter Inc,Retail,North Bryanside,Mississippi,Norfolk Island,2023-07-12 23:44:09,2023-10-22 23:44:09
461,CUST00461,Howell and Sons,Distributor,North Brianchester,Nevada,Philippines,2023-11-01 21:38:40,2024-08-31 21:38:40
462,CUST00462,"Adams, Suarez and Briggs",Distributor,Morrisonchester,Alaska,Andorra,2024-07-06 2:25:37,2025-09-05 2:25:37
463,CUST00463,Cordova-Sutton,Retail,North Roberta,New York,Jordan,2023-12-26 22:23:06,2024-04-29 22:23:06
464,CUST00464,Montgomery-Peck,Wholesale,Jasmineborough,Montana,Sierra Leone,2024-06-25 21:30:55,2025-06-17 21:30:55
465,CUST00465,Hernandez Inc,Distributor,Port Jill,Pennsylvania,American Samoa,2024-11-05 18:41:41,2026-01-15 18:41:41
466,CUST00466,"Garcia, Frost and Hopkins",Retail,West Susan,Mississippi,Macedonia,2024-03-19 18:10:17,2025-01-21 18:10:17
467,CUST00467,Hughes-Rogers,Distributor,Lake Vincent,North Carolina,India,2025-02-26 10:01:41,2026-04-10 10:01:41
468,CUST00468,Dunn-Henderson,Retail,East Hannah,Georgia,Uzbekistan,2024-09-07 1:45:55,2025-10-13 1:45:55
469,CUST00469,Lambert PLC,Distributor,West Travis,Colorado,Austria,2024-06-22 10:59:59,2024-12-17 10:59:59
470,CUST00470,"Porter, Wang and Merritt",Distributor,Steelehaven,Minnesota,Qatar,2024-07-20 10:52:36,2025-02-25 10:52:36
471,CUST00471,Swanson Ltd,Retail,Port Heatherfurt,Nevada,Puerto Rico,2024-12-18 11:02:13,2025-06-26 11:02:13
472,CUST00472,Patterson Inc,Distributor,South Tara,Maryland,Antigua and Barbuda,2024-01-11 8:54:14,2024-09-27 8:54:14
473,CUST00473,Murphy-Durham,Retail,East Christopherport,North Dakota,Argentina,2024-04-16 9:10:07,2024-10-08 9:10:07
474,CUST00474,White-Williams,Wholesale,Lake John,California,Mozambique,2023-08-26 22:15:44,2024-11-03 22:15:44
475,CUST00475,Chan-Maddox,Wholesale,Lake Sydney,Colorado,United States Virgin Islands,2024-10-31 3:09:42,2025-12-27 3:09:42
476,CUST00476,Miller Ltd,Wholesale,North Jenniferside,Rhode Island,British Virgin Islands,2025-02-08 5:00:14,2025-04-04 5:00:14
477,CUST00477,"Thomas, Wright and Choi",Wholesale,New Joshua,Louisiana,Morocco,2025-02-15 15:36:13,2026-06-22 15:36:13
478,CUST00478,Wood-Camacho,Wholesale,Susanhaven,Vermont,Brunei Darussalam,2025-03-10 5:51:45,2026-01-30 5:51:45
479,CUST00479,"Parker, Sherman and Poole",Retail,Jacksonland,South Dakota,Mongolia,2024-08-29 12:55:14,2025-08-27 12:55:14
480,CUST00480,Weber and Sons,Retail,Torresport,Delaware,Brazil,2023-08-19 14:05:54,2024-03-29 14:05:54
481,CUST00481,"Trujillo, Washington and Huff",Distributor,New Miguel,Arkansas,China,2023-12-21 17:33:35,2024-12-31 17:33:35
482,CUST00482,Wheeler Ltd,Distributor,North Lori,Hawaii,Liechtenstein,2024-04-20 15:03:22,2025-08-28 15:03:22
483,CUST00483,Cantrell-Hawkins,Distributor,Leemouth,Utah,Panama,2024-02-06 21:10:31,2024-06-24 21:10:31
484,CUST00484,Smith Inc,Distributor,Littleland,Ohio,Montserrat,2025-03-29 12:06:52,2026-05-17 12:06:52
485,CUST00485,"Moore, Lara and Willis",Wholesale,New Brandonport,Nevada,Jamaica,2023-08-26 21:10:33,2024-09-26 21:10:33
486,CUST00486,Brown and Sons,Wholesale,North Jennifermouth,Rhode Island,Holy See (Vatican City State),2024-01-26 0:57:10,2024-09-21 0:57:10
487,CUST00487,Williams-Gonzalez,Distributor,South Curtis,Arkansas,Maldives,2023-12-17 20:10:15,2025-02-12 20:10:15
488,CUST00488,"Ponce, Thomas and Walker",Wholesale,Port David,Georgia,Egypt,2023-11-01 3:16:15,2024-08-31 3:16:15
489,CUST00489,Johnson Group,Retail,Coleside,Texas,Azerbaijan,2025-04-11 0:48:37,2025-09-24 0:48:37
490,CUST00490,"Johnson, Hall and Fuentes",Retail,North Suzanne,Iowa,Tonga,2023-11-08 8:30:53,2025-01-07 8:30:53
491,CUST00491,Hernandez Group,Wholesale,Ellishaven,Texas,Cameroon,2023-12-08 14:01:43,2024-04-29 14:01:43
492,CUST00492,Rodriguez-Horne,Wholesale,Port Courtney,California,Chile,2024-11-11 7:56:52,2025-03-16 7:56:52
493,CUST00493,Nelson-Nunez,Distributor,Michaelburgh,Pennsylvania,Australia,2024-02-20 17:40:57,2024-12-08 17:40:57
494,CUST00494,"Frey, Terry and Kennedy",Wholesale,Connerborough,Maryland,Netherlands Antilles,2024-04-30 4:56:06,2025-04-08 4:56:06
495,CUST00495,"Mason, Craig and Williams",Retail,Carterberg,Illinois,Palestinian Territory,2024-02-07 11:24:35,2024-07-29 11:24:35
496,CUST00496,Jones Ltd,Wholesale,New Hollyport,Idaho,Burkina Faso,2024-06-26 11:23:08,2025-03-07 11:23:08
497,CUST00497,Hayes and Sons,Wholesale,Williamston,Mississippi,Sweden,2024-08-29 21:42:44,2024-12-01 21:42:44
498,CUST00498,Barber Inc,Wholesale,Baileyborough,Colorado,Sao Tome and Principe,2024-09-01 10:17:49,2024-12-19 10:17:49
499,CUST00499,Floyd and Sons,Wholesale,Port Teresa,New Mexico,Honduras,2024-03-24 17:18:22,2025-05-07 17:18:22
500,CUST00500,Wilson LLC New,Wholesale,Michaelmouth,New York,Singapore,2024-08-04 3:58:04,2026-06-08 19:02:04
501,CUST00500,Wilson LLC Lalit updated,Wholesale,Michaelmouth,New York,Singapore,2024-08-04 3:58:04,2026-06-08 21:45:04
502,CUST00500,Wilson LLC Lalit new,Wholesale now retailer,Michaelmouth,New York,Singapore,2024-08-04 3:58:04,2026-06-09 15:24:04
503,CUST00500,Lalit new updated,Wholesale,Michaelmouth,New York,Singapore,2024-08-04 3:58:04,2026-06-09 19:35:04
504,CUST00500,Lalit new 2 updated,Wholesale,Michaelmouth,New York,Singapore,2024-08-04 3:58:04,2026-06-09 22:53:04
505,CUST00505,Lalit new 3,Wholesale,Michaelmouth,New York,Singapore,2024-08-04 3:58:04,2026-06-09 22:53:04